tracker_id,area_label,corner,pos_x,pos_y,pos_z
4,Patch_1_Corners,Corner_1,0.18216371536254883,1.0144473314285278,0.1449623852968216
4,Patch_1_Corners,Corner_2,0.17026424407958984,1.0092029571533203,-0.11558084189891815
4,Patch_1_Corners,Corner_3,-0.1777050495147705,1.0121972560882568,-0.10317479074001312
4,Patch_1_Corners,Corner_4,-0.16913819313049316,1.0158690214157104,0.14935077726840973
