tracker_id,area_label,corner,pos_x,pos_y,pos_z
4,Patch_1_Area,Corner_1,0.14332950115203857,1.0140913724899292,0.10462622344493866
4,Patch_1_Area,Corner_2,0.14327704906463623,1.0141065120697021,0.10465185344219208
4,Patch_1_Area,Corner_3,0.14329254627227783,1.0141271352767944,0.10464058816432953
4,Patch_1_Area,Corner_4,0.14328038692474365,1.0141377449035645,0.10458926856517792
5,Patch_2_Area,Corner_1,-0.010652422904968262,1.013304352760315,0.11279140412807465
5,Patch_2_Area,Corner_2,-0.010452508926391602,1.0131745338439941,0.1127171665430069
5,Patch_2_Area,Corner_3,-0.010401546955108643,1.0131406784057617,0.11269451677799225
5,Patch_2_Area,Corner_4,-0.010394513607025146,1.0130271911621094,0.11276014149188995
