tracker_id,area_label,corner,pos_x,pos_y,pos_z
4,Patch_1_Corners,Corner_1,0.19764113426208496,1.008151888847351,0.1441468745470047
4,Patch_1_Corners,Corner_2,0.1892918348312378,1.0019078254699707,-0.10798494517803192
4,Patch_1_Corners,Corner_3,-0.1152237057685852,1.000662088394165,-0.10740269720554352
4,Patch_1_Corners,Corner_4,-0.13479959964752197,1.0091934204101562,0.143197163939476
